Page,CTR Amazon,Nombre de clics,Revenus estimés,Articles publiés,Date dernière mise à jour
site1.html,0%,0,0€,0,2025-09-01
site2.html,0%,0,0€,0,2025-09-01
site3.html,0%,0,0€,0,2025-09-01
site4.html,0%,0,0€,0,2025-09-01
site5.html,0%,0,0€,0,2025-09-01
site6.html,0%,0,0€,0,2025-09-01
site7.html,0%,0,0€,0,2025-09-01
site8.html,0%,0,0€,0,2025-09-01
site9.html,0%,0,0€,0,2025-09-01
site10.html,0%,0,0€,0,2025-09-01
site11.html,0%,0,0€,0,2025-09-01
site12.html,0%,0,0€,0,2025-09-01
site13.html,0%,0,0€,0,2025-09-01
site14.html,0%,0,0€,0,2025-09-01
site15.html,0%,0,0€,0,2025-09-01
site16.html,0%,0,0€,0,2025-09-01
site17.html,0%,0,0€,0,2025-09-01
site18.html,0%,0,0€,0,2025-09-01
site19.html,0%,0,0€,0,2025-09-01
site20.html,0%,0,0€,0,2025-09-01
site21.html,0%,0,0€,0,2025-09-01
site22.html,0%,0,0€,0,2025-09-01
site23.html,0%,0,0€,0,2025-09-01
site24.html,0%,0,0€,0,2025-09-01
site25.html,0%,0,0€,0,2025-09-01
site26.html,0%,0,0€,0,2025-09-01
site27.html,0%,0,0€,0,2025-09-01
site28.html,0%,0,0€,0,2025-09-01
site29.html,0%,0,0€,0,2025-09-01
site30.html,0%,0,0€,0,2025-09-01
site31.html,0%,0,0€,0,2025-09-01
site32.html,0%,0,0€,0,2025-09-01
site33.html,0%,0,0€,0,2025-09-01
site34.html,0%,0,0€,0,2025-09-01
site35.html,0%,0,0€,0,2025-09-01
site36.html,0%,0,0€,0,2025-09-01
site37.html,0%,0,0€,0,2025-09-01
site38.html,0%,0,0€,0,2025-09-01
site39.html,0%,0,0€,0,2025-09-01
site40.html,0%,0,0€,0,2025-09-01
site41.html,0%,0,0€,0,2025-09-01
site42.html,0%,0,0€,0,2025-09-01
site43.html,0%,0,0€,0,2025-09-01
site44.html,0%,0,0€,0,2025-09-01
site45.html,0%,0,0€,0,2025-09-01
site46.html,0%,0,0€,0,2025-09-01
site47.html,0%,0,0€,0,2025-09-01
site48.html,0%,0,0€,0,2025-09-01
site49.html,0%,0,0€,0,2025-09-01
site50.html,0%,0,0€,0,2025-09-01
